[
  {
    "material": "MoS\u2082",
    "n_points": 3,
    "n_values": [
      1,
      2,
      3
    ],
    "quantum_defects": [
      -0.7884405501936826,
      -0.027525231651946758,
      0.8996951509927558
    ],
    "hydrogenic": {
      "chi2": 26098.954859360216,
      "dof": 3,
      "description": "No quantum defect"
    },
    "standard": {
      "params": {
        "delta0": 2.8823992493689915e-19,
        "alpha": 1.183215956431012
      },
      "errors": {
        "delta0_err": 0.005053349192129857,
        "alpha_err": 0.0
      },
      "chi2": 26098.954859360216,
      "dof": 1,
      "AIC": 26102.954859360216,
      "BIC": 26101.15208393755
    },
    "dimflow_fixed": {
      "params": {
        "delta0": 0.010000000000000002,
        "n0": 0.5000000000000001
      },
      "errors": {
        "delta0_err": 0.27809328659636107,
        "n0_err": 20.537780719200406
      },
      "c1": 1.0,
      "chi2": 26296.013878177087,
      "dof": 1,
      "AIC": 26300.013878177087,
      "BIC": 26298.211102754423
    }
  },
  {
    "material": "WSe\u2082",
    "n_points": 3,
    "n_values": [
      1,
      2,
      3
    ],
    "quantum_defects": [
      -1.0705625319186323,
      -0.6505813167606558,
      -0.09369865776129327
    ],
    "hydrogenic": {
      "chi2": 4793.423473345769,
      "dof": 3,
      "description": "No quantum defect"
    },
    "standard": {
      "params": {
        "delta0": 2.280628344722497e-13,
        "alpha": 1.9999999999995544
      },
      "errors": {
        "delta0_err": 0.01569331974313614,
        "alpha_err": 0.0
      },
      "chi2": 4793.423473347762,
      "dof": 1,
      "AIC": 4797.423473347762,
      "BIC": 4795.620697925098
    },
    "dimflow_fixed": {
      "params": {
        "delta0": 0.01000000000016724,
        "n0": 0.5000000000014705
      },
      "errors": {
        "delta0_err": 1.2482167599383571,
        "n0_err": 92.91577552547834
      },
      "c1": 1.0,
      "chi2": 4823.32369604569,
      "dof": 1,
      "AIC": 4827.32369604569,
      "BIC": 4825.520920623026
    }
  },
  {
    "error": "Insufficient data points"
  },
  {
    "material": "MoSe\u2082",
    "n_points": 3,
    "n_values": [
      1,
      2,
      3
    ],
    "quantum_defects": [
      -1.3027756377319955,
      -1.1628760937957852,
      -0.8380918415851246
    ],
    "hydrogenic": {
      "chi2": 3617.9251058457485,
      "dof": 3,
      "description": "No quantum defect"
    },
    "standard": {
      "params": {
        "delta0": 2.4628336909448292e-14,
        "alpha": 1.9999999999999842
      },
      "errors": {
        "delta0_err": 0.022514799565716285,
        "alpha_err": 0.0
      },
      "chi2": 3617.9251058458763,
      "dof": 1,
      "AIC": 3621.9251058458763,
      "BIC": 3620.1223304232126
    },
    "dimflow_fixed": {
      "params": {
        "delta0": 0.010000000000009165,
        "n0": 0.5000000000000783
      },
      "errors": {
        "delta0_err": 1.7371946958398246,
        "n0_err": 129.23922494880748
      },
      "c1": 1.0,
      "chi2": 3635.998648719616,
      "dof": 1,
      "AIC": 3639.998648719616,
      "BIC": 3638.1958732969524
    }
  },
  {
    "material": "MoS\u2082-theory",
    "n_points": 7,
    "n_values": [
      1,
      2,
      3,
      4,
      5,
      6,
      7
    ],
    "quantum_defects": [
      0.22496309935213665,
      0.18113426300389013,
      0.1193921607317181,
      -0.10143987136051003,
      0.18146971172154736,
      0.22704368106727646,
      -2.2511287125839505
    ],
    "hydrogenic": {
      "chi2": 9166770.946375877,
      "dof": 7,
      "description": "No quantum defect"
    },
    "standard": {
      "params": {
        "delta0": 0.22496316941083577,
        "alpha": 0.22721043694736337
      },
      "errors": {
        "delta0_err": 7.430441268552182e-05,
        "alpha_err": 0.0438531540601675
      },
      "chi2": 3.0714612300774577,
      "dof": 5,
      "AIC": 7.071461230077458,
      "BIC": 6.963281528188084
    },
    "dimflow_fixed": {
      "params": {
        "delta0": 0.3020780566179129,
        "n0": 2.9172462459688684
      },
      "errors": {
        "delta0_err": 0.022576695334774754,
        "n0_err": 0.8540375309019831
      },
      "c1": 1.0,
      "chi2": 3.387457014479601,
      "dof": 5,
      "AIC": 7.387457014479601,
      "BIC": 7.279277312590228
    },
    "dimflow_free": {
      "params": {
        "delta0": 0.24548224584787082,
        "n0": 3.3111323327555406,
        "c1": 1.9999999999999896
      },
      "errors": {
        "delta0_err": 0.051993242786004645,
        "n0_err": 0.7701455869597735,
        "c1_err": 2.440010369300022
      },
      "chi2": 2.7445940589974,
      "dof": 4,
      "AIC": 8.7445940589974,
      "BIC": 8.582324506163339
    }
  },
  {
    "material": "WSe\u2082-theory",
    "n_points": 7,
    "n_values": [
      1,
      2,
      3,
      4,
      5,
      6,
      7
    ],
    "quantum_defects": [
      0.2249352734627864,
      0.18435581490956188,
      0.12092340390904344,
      0.198339695452741,
      0.2637696295068501,
      -0.061420750034066884,
      1.4906632915754177
    ],
    "hydrogenic": {
      "chi2": 7108074.923306673,
      "dof": 7,
      "description": "No quantum defect"
    },
    "standard": {
      "params": {
        "delta0": 0.2249352227696542,
        "alpha": 0.19648330102601558
      },
      "errors": {
        "delta0_err": 8.437113575366984e-05,
        "alpha_err": 0.04761792314290936
      },
      "chi2": 8.675592203811535,
      "dof": 5,
      "AIC": 12.675592203811535,
      "BIC": 12.567412501922162
    },
    "dimflow_fixed": {
      "params": {
        "delta0": 0.2886827160614008,
        "n0": 3.5285367775138066
      },
      "errors": {
        "delta0_err": 0.02187868749363359,
        "n0_err": 1.2109647870355316
      },
      "c1": 1.0,
      "chi2": 8.35975266277309,
      "dof": 5,
      "AIC": 12.35975266277309,
      "BIC": 12.251572960883717
    },
    "error": "Optimal parameters not found: The maximum number of function evaluations is exceeded."
  }
]